{
    "map": [
        {
            "w": 5.781660318374634
        },
        {
            "mouse_move": -2300
        },
        {
            "w": 10.646024227142334
        },
        {
            "fighting": 1
        }
    ]
}