{
    "map": [
        {
            "w": 1.818481683731079
        },
        {
            "d": 2.124272108078003
        },
        {
            "w": 2.946352243423462
        },
        {
            "fighting": 1
        }
    ]
}