{
  "map": [
    {
      "w": 5.669915199279785
    },
    {
      "mouse_move": 1400
    },
    {
      "fighting": 2
    },
    {
      "w": 7.103234052658081
    }
  ]
}